<?xml version="1.0" encoding="UTF-8" standalone="yes"?>
<addon id="plugin.video.INFODUCTIVA"
	name="[COLOR skyblue]INFODUCTIVA[/COLOR]"
	version="0.0.1"
	provider-name="INFODUCTIVA">
  <requires>
    <import addon="xbmc.python" version="2.1.0"/>
    <import addon="script.module.addon.common" version="2.0.0"/>
    <import addon="plugin.video.youtube" version="5.0.0"/>
  </requires>
  <extension point="xbmc.python.pluginsource" library="default.py">
    <provides>video</provides>
  </extension>
  <extension point="xbmc.addon.metadata">
    <summary lang="es">Canal educativo INFODUCTIVA - Informática Productiva, Práctica y Educativa</summary>
    <description lang="es">Tutoriales muy utiles e interesantes sobre gran diversidad de temas ... mirar las listas</description>
    <platform>all</platform>
    <forum>n/a</forum>
    <website>n/a</website>
  </extension>
</addon>
